[
    {
        "key": "dbln",
        "value": "%7B%22100092585640768%22%3A%22d2Gv0Nqd%22%7D",
        "domain": "facebook.com",
        "path": "/login/device-based/",
        "hostOnly": false,
        "creation": "2024-04-05T00:17:21.473Z",
        "lastAccessed": "2024-04-05T00:17:21.474Z"
    },
    {
        "key": "datr",
        "value": "sIVUZFDbenLKagIMoU6Mcpqr",
        "domain": "facebook.com",
        "path": "/",
        "hostOnly": false,
        "creation": "2024-04-05T00:17:21.474Z",
        "lastAccessed": "2024-04-05T00:17:21.474Z"
    },
    {
        "key": "sb",
        "value": "sIVUZIEgCzSDKVoKkHjCtR6C",
        "domain": "facebook.com",
        "path": "/",
        "hostOnly": false,
        "creation": "2024-04-05T00:17:21.474Z",
        "lastAccessed": "2024-04-05T00:17:21.474Z"
    },
    {
        "key": "ps_n",
        "value": "0",
        "domain": "facebook.com",
        "path": "/",
        "hostOnly": false,
        "creation": "2024-04-05T00:17:21.474Z",
        "lastAccessed": "2024-04-05T00:17:21.474Z"
    },
    {
        "key": "ps_l",
        "value": "0",
        "domain": "facebook.com",
        "path": "/",
        "hostOnly": false,
        "creation": "2024-04-05T00:17:21.474Z",
        "lastAccessed": "2024-04-05T00:17:21.474Z"
    },
    {
        "key": "dpr",
        "value": "2.5016887187957764",
        "domain": "facebook.com",
        "path": "/",
        "hostOnly": false,
        "creation": "2024-04-05T00:17:21.474Z",
        "lastAccessed": "2024-04-05T00:17:21.474Z"
    },
    {
        "key": "locale",
        "value": "en_US",
        "domain": "facebook.com",
        "path": "/",
        "hostOnly": false,
        "creation": "2024-04-05T00:17:21.474Z",
        "lastAccessed": "2024-04-05T00:17:21.474Z"
    },
    {
        "key": "vpd",
        "value": "v1%3B593x317x2.275406837463379",
        "domain": "facebook.com",
        "path": "/",
        "hostOnly": false,
        "creation": "2024-04-05T00:17:21.474Z",
        "lastAccessed": "2024-04-05T00:17:21.474Z"
    },
    {
        "key": "wd",
        "value": "317x593",
        "domain": "facebook.com",
        "path": "/",
        "hostOnly": false,
        "creation": "2024-04-05T00:17:21.474Z",
        "lastAccessed": "2024-04-05T00:17:21.474Z"
    },
    {
        "key": "fr",
        "value": "1hVWaxPAoJus8p15q.AWVZQmI0zZnY65F0UiQLncnvhzw.BmDvkr..AAA.0.0.BmD0Gg.AWUQKs9KJNo",
        "domain": "facebook.com",
        "path": "/",
        "hostOnly": false,
        "creation": "2024-04-05T00:17:21.474Z",
        "lastAccessed": "2024-04-05T00:17:21.474Z"
    },
    {
        "key": "c_user",
        "value": "100092585640768",
        "domain": "facebook.com",
        "path": "/",
        "hostOnly": false,
        "creation": "2024-04-05T00:17:21.474Z",
        "lastAccessed": "2024-04-05T00:17:21.474Z"
    },
    {
        "key": "xs",
        "value": "21%3AappaGZkV4lc1zQ%3A2%3A1712275872%3A-1%3A13994",
        "domain": "facebook.com",
        "path": "/",
        "hostOnly": false,
        "creation": "2024-04-05T00:17:21.474Z",
        "lastAccessed": "2024-04-05T00:17:21.474Z"
    },
    {
        "key": "wl_cbv",
        "value": "v2%3Bclient_version%3A2457%3Btimestamp%3A1712276178",
        "domain": "facebook.com",
        "path": "/",
        "hostOnly": false,
        "creation": "2024-04-05T00:17:21.474Z",
        "lastAccessed": "2024-04-05T00:17:21.474Z"
    }
]
