{
  "author": "Nayan",
  "version": "1.5.7",
  "autoRestart": true,
  "developermode": false,
  "language": "en",
  "notification": true,
  "approval": false,
  "BOTNAME": "DOHA-BOT",
  "PREFIX": "/",
  "OPERATOR": [
    "100050971370676",
    "100015569688497"
  ],
  "ADMINBOT": [
    "100015569688497",
    "100050971370676"
  ],
  "OWNER": ["100000959749712"], 
  "APPROVED": [],
  "disabledcmds": [
  ],
  "disabledevents": [],
  "note": "make sure that the bot name you entered is all lowercase",
  "notice": " dont cng auther name and owner uid. otherwise bot not working"
}
